system:index,B1,B11,B12,B2,B3,B4,B5,B8,B4/B11+B12,B3/B5,B2+b3/B1+B2+B4,B3+B5/B1+B4,B3/(b1+b4),B12/B11,B11/B12,B3/B4,B4/B3,B4/B1,(B3+B4)/B3,(B2+B3)/(B1+B4),DQO_TOT,P_TOT,pH_CAMPO,OD_mg/L,TURBIEDAD,SST,SDT,COLOR_VER,N_NH3,N_NO2,N_NO3,N_ORG,N_TOT,N_TOTK,n_images,nombre,range_end,range_start,target_date,.geo
0_0,0.1303,0.111500002,0.067299999,0.093000002,0.071099997,0.060800001,0.084200002,0.062899999,0.340044745,0.844417989,0.577613505,0.812663515,0.555035101,0.603587424,1.168609843,1.169407819,0.85513367,0.903417558,1.85513367,1.281030432,27,0.164516,7.8,8.88,7.4,10,2406.4,4,0.133896,0.098527,12.085357,1.45656,13.77434,1.590456,2,Punto_1,3/27/2016,1/26/2016,2/25/2016,"{""type"":""Point"",""coordinates"":[-100.34494900000001,25.811927000000004]}"
1_0,0.1373,0.123499997,0.074299999,0.096900001,0.086499996,0.074900001,0.089000002,0.104999997,0.378665334,0.971910056,0.593335479,0.82704994,0.57975869,0.601619437,1.111740915,1.154873097,0.865896004,1.008075407,1.865896004,1.229222505,21,0.113791,7.1,7.82,7.6,9,774.4,13,0.256978,0.173554,9.055294,0.949352,10.435178,1.20633,2,Punto_1,5/13/2016,3/13/2016,4/12/2016,"{""type"":""Point"",""coordinates"":[-100.34494900000001,25.811927000000004]}"
2_0,0.137700006,0.122550003,0.068149999,0.102349997,0.089450002,0.072800003,0.085749999,0.112949997,0.381751454,1.043148724,0.613073341,0.832304003,0.634622211,0.556099527,1.123623033,1.228708764,0.813862511,1.068231904,1.813862511,1.3607662,15.77,0.191211,7.9,7.92,12,13,5856,15,0.888774,0.198768,4.103905,1.118552,6.309999,2.007326,4,Punto_1,6/17/2016,4/17/2016,5/17/2016,"{""type"":""Point"",""coordinates"":[-100.34494900000001,25.811927000000004]}"
3_0,0.138099998,0.121600002,0.061999999,0.107799999,0.092399999,0.070699997,0.082500003,0.120899998,0.385076236,1.119999949,0.632343658,0.83764371,0.696307476,0.509868404,1.135690756,1.306930737,0.765151489,1.140322555,1.765151489,1.508666199,9,0.044255,7.6,6.92,14,13,2976,15,0.123326,0.086101,2.998253,1.740189,4.947869,1.863515,2,Punto_1,7/24/2016,5/24/2016,6/23/2016,"{""type"":""Point"",""coordinates"":[-100.34494900000001,25.811927000000004]}"
4_0,0.1373,0.118299998,0.059900001,0.0942,0.078599997,0.067299999,0.075499997,0.108499996,0.377665542,1.041059609,0.578313245,0.753176902,0.617924504,0.506339827,1.160608635,1.167904869,0.856234122,1.123539207,1.856234122,1.358490543,14.1,0.159214,8.1,6.84,7,24,1141.76,13,0.216185,0.150218,4.92391,2.108327,7.39864,2.324512,2,Punto_1,8/26/2016,6/26/2016,7/26/2016,"{""type"":""Point"",""coordinates"":[-100.34494900000001,25.811927000000004]}"
5_0,0.126900002,0.098499998,0.047400001,0.088,0.072999999,0.055399999,0.068300001,0.053300001,0.379712125,1.068814019,0.595634472,0.775095991,0.710116718,0.481218296,1.288324917,1.317689535,0.758904107,1.168776315,1.758904107,1.566147838,11.09,0.137252,7.3,6.3,12,11,882.56,10,0.14086,0.232997,6.843417,0.878977,8.096251,1.019837,2,Punto_1,10/5/2016,8/5/2016,9/4/2016,"{""type"":""Point"",""coordinates"":[-100.34494900000001,25.811927000000004]}"
6_0,0.125200003,0.1087,0.064000003,0.097499996,0.077600002,0.070900001,0.088500001,0.0735,0.410538503,0.876836179,0.59638964,0.847016825,0.575240921,0.588776478,1.151793962,1.094499317,0.913659775,1.107812457,1.913659775,1.297998473,28.18,0.58454,8.2,6.36,10,10.7,1493.76,25,3.39953,0.60629,3.56664,0.74838,8.32084,4.14791,3,Punto_1,3/25/2017,1/23/2017,2/22/2017,"{""type"":""Point"",""coordinates"":[-100.34494900000001,25.811927000000004]}"
7_0,0.128649995,0.111450002,0.059250001,0.0973,0.081100002,0.069849998,0.081649996,0.0933,0.409197403,0.993264,0.603110232,0.819899267,0.628195219,0.531628533,1.154329232,1.161059478,0.861282319,1.178902899,1.861282319,1.381874549,20.81,0.06674,8.2,6.34,5.2,9,1331.2,10,0.48537,0.19026,7.348,0.85719,8.88082,1.34256,3,Punto_1,5/5/2017,3/5/2017,4/4/2017,"{""type"":""Point"",""coordinates"":[-100.34494900000001,25.811927000000004]}"
8_0,0.142550007,0.140949994,0.087650001,0.1105,0.097549997,0.086149998,0.099950001,0.110299997,0.376859142,0.97598796,0.613354937,0.863576712,0.561277318,0.621851753,1.01135163,1.132327331,0.883136857,0.982886446,1.883136857,1.197065586,22.41,0.11634,8.1,7.58,8.1,12.3,4472,20,0.15085,0.16031,6.07035,0.9147,7.29621,1.06555,2,Punto_1,6/16/2017,4/16/2017,5/16/2017,"{""type"":""Point"",""coordinates"":[-100.34494900000001,25.811927000000004]}"
9_0,0.145099998,0.145150006,0.081550002,0.10915,0.0973,0.08365,0.098350003,0.101350002,0.368989843,0.989323815,0.610979585,0.855300571,0.588983045,0.561832579,0.999655472,1.163179917,0.85971223,1.025751051,1.85971223,1.24969732,51.65,0.23121,7.2,5.28,11,14.67,2060.8,25,1.00143,0.35631,2.84107,1.46841,5.66722,2.46984,2,Punto_1,7/28/2017,5/28/2017,6/27/2017,"{""type"":""Point"",""coordinates"":[-100.34494900000001,25.811927000000004]}"
10_0,0.142399997,0.179100007,0.119000003,0.100599997,0.088,0.081900001,0.111599997,0.113700002,0.274740013,0.788530485,0.580486303,0.88987962,0.43802886,0.664433268,0.795086494,1.074481061,0.93068183,0.688235283,1.93068183,0.938775476,36.79,0.16438,7.5,6.68,39,33.67,1472,30,0.695851,0.162819,3.48283,1.077743,5.419243,1.773594,1,Punto_1,9/8/2017,7/9/2017,8/8/2017,"{""type"":""Point"",""coordinates"":[-100.34494900000001,25.811927000000004]}"
11_0,0.1426,0.145999998,0.102300003,0.108750001,0.097499996,0.085550003,0.10345,0.098549999,0.344542901,0.942484255,0.612199451,0.880780164,0.519031106,0.700684964,0.976712342,1.139684317,0.877435958,0.836265886,1.877435958,1.097950442,24.49,0.29918,7.7,4.73,11,11.33,2265.6,20,0.91,0.52822,4.91822,0.67626,7.0327,1.58626,4,Punto_1,10/19/2017,8/19/2017,9/18/2017,"{""type"":""Point"",""coordinates"":[-100.34494900000001,25.811927000000004]}"
12_0,0.136399999,0.116499998,0.075999998,0.1039,0.090700001,0.079000004,0.097000003,0.113899998,0.410389639,0.935051524,0.609458186,0.871402047,0.585161289,0.652360507,1.170815468,1.14810122,0.871003343,1.039473765,1.871003343,1.255483868,34.59,0.4512,7.8,7.13,4.3,16,5032,8,0.944684,0.64234,10.824501,0.73616,13.147685,1.680844,5,Punto_1,3/11/2018,1/9/2018,2/8/2018,"{""type"":""Point"",""coordinates"":[-100.34494900000001,25.811927000000004]}"
13_0,0.132799998,0.116499998,0.078599997,0.099100001,0.090599999,0.076099999,0.097000003,0.113899998,0.390056388,0.934020579,0.615909094,0.898037359,0.585649652,0.674678098,1.139914168,1.190538761,0.839955852,0.968193413,1.839955852,1.226244375,32.64,0.02135,7.3,10.14,6.6,11,1120,15,0.772011,0.552796,5.535266,0,6.860073,0.772011,5,Punto_1,4/13/2018,2/11/2018,3/13/2018,"{""type"":""Point"",""coordinates"":[-100.34494900000001,25.811927000000004]}"
14_0,0.153050005,0.1329,0.076700002,0.115649998,0.098200001,0.079750001,0.104050003,0.132650003,0.380486645,0.943777011,0.613717882,0.868771468,0.627676566,0.577125675,1.151617802,1.231347951,0.812118134,1.039765312,1.812118134,1.366890344,21.89,0.32169,7.3,8.32,25,32,1045.76,8,0.398571,0.358772,7.175577,0.84161,8.77453,1.240181,4,Punto_1,5/27/2018,3/27/2018,4/26/2018,"{""type"":""Point"",""coordinates"":[-100.34494900000001,25.811927000000004]}"
15_0,0.162349999,0.166299999,0.09725,0.140699998,0.135450006,0.131500006,0.140100002,0.146650001,0.498956579,0.966809446,0.635484988,0.93772334,0.592131158,0.584786533,0.976247746,1.03003802,0.97083795,1.352185154,1.97083795,1.2072131,30.68,0.32707,7.7,4.18,11,12,3020.8,10,2.051996,0.7567,6.7114,0.53867,16.7,2.590666,8,Punto_1,7/9/2018,5/9/2018,6/8/2018,"{""type"":""Point"",""coordinates"":[-100.34494900000001,25.811927000000004]}"
16_0,0.129600003,0.173600003,0.092799999,0.0977,0.0902,0.070699997,0.096699998,0.239700004,0.265390378,0.932781816,0.63053691,0.933100333,0.551681967,0.534562196,0.746543785,1.275813338,0.783813721,0.761853428,1.783813721,1.149235498,28.96,0.50194,7.5,5.95,18,17.67,4600,25,3.664455,0.768876,4.67184,1.39154,10.496711,5.055995,3,Punto_1,11/8/2018,9/8/2018,10/8/2018,"{""type"":""Point"",""coordinates"":[-100.34494900000001,25.811927000000004]}"
17_0,0.128399998,0.160600007,0.093099996,0.096699998,0.089599997,0.069200002,0.097649999,0.215800002,0.272763109,0.917562701,0.63302751,0.947621438,0.552064066,0.579701075,0.799501822,1.294797611,0.772321475,0.743286835,1.772321475,1.147874287,23.05,0.59459,7.4,6.9,2.8,9,4640,15,6.171222,0.808721,5.276764,0.32917,12.585877,6.500392,6,Punto_1,12/13/2018,10/13/2018,11/12/2018,"{""type"":""Point"",""coordinates"":[-100.34494900000001,25.811927000000004]}"
18_0,0.124849997,0.126000002,0.074349999,0.09065,0.07965,0.061549999,0.084550001,0.142849997,0.30721237,0.942046115,0.614690496,0.880901308,0.586092721,0.590079351,0.99087298,1.294069882,0.772755794,0.827841282,1.772755794,1.253127311,34.8,1.25781,7.4,5.37,9.8,10.33,4432,30,9.062008,0.207039,2.40375,0,11.672797,9.062008,4,Punto_1,2/14/2019,12/15/2018,1/14/2019,"{""type"":""Point"",""coordinates"":[-100.34494900000001,25.811927000000004]}"
0_1,0.155900002,0.169300005,0.116499998,0.1127,0.101300001,0.087099999,0.122000001,0.155599996,0.304758567,0.830327869,0.60163059,0.918930049,0.497544218,0.688127551,0.920850544,1.163031023,0.859822292,0.747639493,1.859822292,1.051080574,26,0.163888,8.2,10.08,3.9,11,2425.6,6,0.061787,0.049126,10.952402,0.621923,11.685238,0.68371,2,Punto_2,3/27/2016,1/26/2016,2/25/2016,"{""type"":""Point"",""coordinates"":[-100.29269,25.80148]}"
1_1,0.158399999,0.203299999,0.123800002,0.129099995,0.127399996,0.116599999,0.130199999,0.256500006,0.356465909,0.978494603,0.634743863,0.936727258,0.529950063,0.6089523,0.779144121,1.092624328,0.915227654,0.94184166,1.915227654,1.066971669,17,0.068136,7.8,6.63,6.3,9,842.88,10,0.168234,0.071222,8.056467,0.895375,9.191298,1.063609,2,Punto_2,5/13/2016,3/13/2016,4/12/2016,"{""type"":""Point"",""coordinates"":[-100.29269,25.80148]}"
2_1,0.161300004,0.193200007,0.114100002,0.131549999,0.129549995,0.1109,0.1285,0.253500015,0.360885117,1.008171171,0.646687288,0.948016134,0.575777752,0.590579698,0.834886116,1.16816948,0.85604017,0.971954409,1.85604017,1.160444411,15.1,0.215087,8,9.22,45,39,5128,18,0.948572,0.184817,3.81023,1.105956,6.049575,2.054528,4,Punto_2,6/17/2016,4/17/2016,5/17/2016,"{""type"":""Point"",""coordinates"":[-100.29269,25.80148]}"
3_1,0.164199993,0.1831,0.104400001,0.134000003,0.131699994,0.1052,0.126800001,0.250499994,0.365913042,1.038643482,0.658651462,0.959539723,0.628339662,0.570180237,0.896777679,1.251901084,0.798785154,1.007662822,1.798785154,1.267652651,21.46,0.054515,8.2,6.93,12,11,2937.6,13,0.120119,0.083802,2.994051,1.872156,5.070128,1.992275,2,Punto_2,7/24/2016,5/24/2016,6/23/2016,"{""type"":""Point"",""coordinates"":[-100.29269,25.80148]}"
5_1,0.152400002,0.191699997,0.105999999,0.120899998,0.119400002,0.104699999,0.124399997,0.254999995,0.351696341,0.959807111,0.635714287,0.94826915,0.566682503,0.552947317,0.794992199,1.140401176,0.876884399,0.987735852,1.876884399,1.140484111,16.44,0.134406,7.4,6.42,22,11,820.48,13,0.127784,0.103917,5.501363,1.1993,6.932364,1.327084,2,Punto_2,10/5/2016,8/5/2016,9/4/2016,"{""type"":""Point"",""coordinates"":[-100.29269,25.80148]}"
6_1,0.154799998,0.153500006,0.072300002,0.109499998,0.102700002,0.070799999,0.098399997,0.236000001,0.313551801,1.043699247,0.63324382,0.891400719,0.717679957,0.471009768,1.008469004,1.450565029,0.689386536,0.979253071,1.689386536,1.482879102,22.09,0.26322,7.4,7.12,11,15,1246.08,20,0.72282,0.40623,4.72282,1.35326,7.20513,2.07608,3,Punto_2,3/25/2017,1/23/2017,2/22/2017,"{""type"":""Point"",""coordinates"":[-100.29269,25.80148]}"
7_1,0.145799994,0.146300003,0.080499999,0.104699999,0.096900001,0.067400001,0.102799997,0.162,0.297178132,0.942607045,0.634161698,0.936679185,0.655172421,0.550239218,0.996582307,1.437685456,0.695562437,0.837267101,1.695562437,1.363083164,20.49,0.01632,8.3,6.13,3,9,1351.68,4,0.15467,0.05397,6.61939,0.78821,7.61624,0.94288,3,Punto_2,5/5/2017,3/5/2017,4/4/2017,"{""type"":""Point"",""coordinates"":[-100.29269,25.80148]}"
8_1,0.145799994,0.146300003,0.076499999,0.104699999,0.099799998,0.076499999,0.105700001,0.213,0.343357262,0.944181618,0.625382269,0.924426476,0.652287582,0.522898134,0.996582307,1.304575163,0.766533066,1,1.766533066,1.336601314,21.13,0.28004,7.7,7.16,5.1,11,2950.4,13,0.10123,0.13892,6.85791,0.83024,7.9283,0.93147,2,Punto_2,6/16/2017,4/16/2017,5/16/2017,"{""type"":""Point"",""coordinates"":[-100.29269,25.80148]}"
9_1,0.164849997,0.187749997,0.134949997,0.125750005,0.116700001,0.109049998,0.134049997,0.211850002,0.337929967,0.870570712,0.60665584,0.915480112,0.478278702,0.718774963,0.878029291,1.070151334,0.934447277,0.80807707,1.934447277,0.993647586,48.45,0.1876,7.8,6.48,14,15.67,1945.6,30,1.22264,0.24176,2.70273,1.4834,5.65053,2.70604,2,Punto_2,7/28/2017,5/28/2017,6/27/2017,"{""type"":""Point"",""coordinates"":[-100.29269,25.80148]}"
10_1,0.170599997,0.192849994,0.134599999,0.129950002,0.120549999,0.115800001,0.129899994,0.200149998,0.353641788,0.928021595,0.601657263,0.874476238,0.48142971,0.697951791,0.88462537,1.041018985,0.960597275,0.860326909,1.960597275,1.000399368,27.02,0.18568,7.7,7.43,32,27,1358.08,25,0.754261,0.117181,3.01984,1.053111,4.944393,1.807372,1,Punto_2,9/8/2017,7/9/2017,8/8/2017,"{""type"":""Point"",""coordinates"":[-100.29269,25.80148]}"
11_1,0.155000001,0.164100006,0.088,0.108900003,0.104999997,0.079099998,0.113700002,0.185399994,0.313764364,0.923482801,0.623615156,0.934216147,0.628366238,0.536258356,0.94454598,1.327433622,0.753333337,0.898863617,1.753333337,1.280071832,22.54,0.10194,8,9.18,6.5,9,2240,13,0.11965,0.09627,5.43767,0.92546,6.57905,1.04511,4,Punto_2,10/19/2017,8/19/2017,9/18/2017,"{""type"":""Point"",""coordinates"":[-100.29269,25.80148]}"
12_1,0.156599998,0.1417,0.079899997,0.112549998,0.103249997,0.080449998,0.108649999,0.160899997,0.363041515,0.950299107,0.617276882,0.893904234,0.643903961,0.563867302,1.105151722,1.283405829,0.779176763,1.006883628,1.779176763,1.345806059,33.94,0.23536,8.3,11.55,4.5,11,4752,6,0.071094,0.102048,8.963197,0.95428,10.090619,1.025374,5,Punto_2,3/11/2018,1/9/2018,2/8/2018,"{""type"":""Point"",""coordinates"":[-100.29269,25.80148]}"
13_1,0.149350002,0.127800003,0.084250003,0.104900002,0.089199997,0.068049997,0.102949999,0.111249998,0.320914856,0.866440001,0.60223394,0.883854633,0.585686129,0.659233187,1.168622842,1.310800901,0.762892366,0.807715069,1.762892366,1.274458304,21.56,0.07867,8.3,7.19,4.3,9,943.36,15,0.061228,0.045523,5.419332,0.98384,6.509923,1.045068,5,Punto_2,4/13/2018,2/11/2018,3/13/2018,"{""type"":""Point"",""coordinates"":[-100.29269,25.80148]}"
14_1,0.143549994,0.139449999,0.087800004,0.107150003,0.099799998,0.079049997,0.112300001,0.172250003,0.347854769,0.888690981,0.62759668,0.952830225,0.59814203,0.629616381,1.029401183,1.262492117,0.792084154,0.900341615,1.792084154,1.240335635,20.91,0.1999,7.9,8.1,9.3,15.67,842.88,5,0.094463,0.075861,4.102574,0.73058,5.003478,0.825043,4,Punto_2,5/27/2018,3/27/2018,4/26/2018,"{""type"":""Point"",""coordinates"":[-100.29269,25.80148]}"
15_1,0.167300001,0.170499995,0.092100002,0.129199997,0.121699996,0.089400001,0.120800003,0.276800007,0.340441743,1.007450272,0.650168422,0.944682502,0.670523385,0.540175979,0.981231703,1.361297484,0.734593292,0.970684029,1.734593292,1.382369086,25.8,0.08203,7.7,7.69,6.7,10.67,2976,15,0.197819,0.004,4.4136,1.00847,5.6,1.2,8,Punto_2,7/9/2018,5/9/2018,6/8/2018,"{""type"":""Point"",""coordinates"":[-100.29269,25.80148]}"
16_1,0.167300001,0.170499995,0.085500002,0.129199997,0.121699996,0.089699998,0.120800003,0.276800007,0.350390623,1.007450272,0.649663375,0.943579768,0.69463468,0.501466301,0.981231703,1.356744686,0.73705835,1.049122766,1.73705835,1.432077582,19.87,0.44163,8,8.43,5.9,11,4264,13,0.118227,0.465243,7.771686,1.14211,9.497266,1.260337,3,Punto_2,11/8/2018,9/8/2018,10/8/2018,"{""type"":""Point"",""coordinates"":[-100.29269,25.80148]}"
17_1,0.137199998,0.128299996,0.065800004,0.097199999,0.087300003,0.062100001,0.085600004,0.149100006,0.31993818,1.0198598,0.622259707,0.867536414,0.6825645,0.512860527,1.069368682,1.405797128,0.711340193,0.943768954,1.711340193,1.44253319,16.71,0.4015,7.3,8.3,2.4,9,4976,15,0.242949,0.789775,9.157088,2.09054,12.280352,2.333489,6,Punto_2,12/13/2018,10/13/2018,11/12/2018,"{""type"":""Point"",""coordinates"":[-100.29269,25.80148]}"
18_1,0.136749998,0.123850003,0.065049998,0.094750002,0.08055,0.059149999,0.085249998,0.136449993,0.313128633,0.944868062,0.603130923,0.846350181,0.648550738,0.525232111,1.104158212,1.361792074,0.734326494,0.909300547,1.734326494,1.411433216,26.69,1.18098,7.6,6.06,3.5,11,4592,20,2.736161,0.986876,6.275272,0,9.998309,2.736161,4,Punto_2,2/14/2019,12/15/2018,1/14/2019,"{""type"":""Point"",""coordinates"":[-100.29269,25.80148]}"
0_2,0.138300002,0.105400003,0.062399998,0.093500003,0.072549999,0.052200001,0.079800002,0.088699996,0.311084626,0.909147828,0.584683094,0.799737528,0.633071548,0.592030325,1.312144184,1.3898467,0.719503813,0.836538496,1.719503813,1.448952909,64,2.682703,7.7,7.42,12,11,1335.04,40,33.822792,0.332239,2.756518,0,36.911549,33.822792,2,Punto_3,3/27/2016,1/26/2016,2/25/2016,"{""type"":""Point"",""coordinates"":[-100.28059,25.80205]}"
1_2,0.143199995,0.125200003,0.084399998,0.1074,0.091499999,0.087099999,0.083800003,0.134399995,0.415553428,1.091885393,0.588984313,0.761181096,0.5335277,0.674121373,1.143769898,1.050516648,0.951912568,1.031990534,1.951912568,1.159766777,290,4.12874,7.8,8.1,75,48,1258.24,70,21.106628,0.065095,0.188468,6.784106,28.144297,27.890734,2,Punto_3,5/13/2016,3/13/2016,4/12/2016,"{""type"":""Point"",""coordinates"":[-100.28059,25.80205]}"
2_2,0.139500007,0.154200003,0.089699998,0.122000001,0.113700002,0.100599997,0.1074,0.239700004,0.41246411,1.05865924,0.65092516,0.920866302,0.597477695,0.581712043,0.904669291,1.130218749,0.884784473,1.121516147,1.884784473,1.238570729,17.44,0.270257,7.9,8.72,11,23,1862.4,15,0.906302,0.188474,3.639453,1.277882,6.012111,2.184184,4,Punto_3,6/17/2016,4/17/2016,5/17/2016,"{""type"":""Point"",""coordinates"":[-100.28059,25.80205]}"
3_2,0.139500007,0.154200003,0.089699998,0.122000001,0.113700002,0.100599997,0.1074,0.239700004,0.41246411,1.05865924,0.65092516,0.920866302,0.597477695,0.581712043,0.904669291,1.130218749,0.884784473,1.121516147,1.884784473,1.238570729,11,0.053684,7.8,7.52,14,14,2540.8,13,0.112017,0.091011,3.742595,1.765071,5.710694,1.877088,2,Punto_3,7/24/2016,5/24/2016,6/23/2016,"{""type"":""Point"",""coordinates"":[-100.28059,25.80205]}"
4_2,0.136299998,0.156499997,0.084100001,0.116499998,0.111299999,0.108400002,0.101499997,0.227300003,0.45054033,1.096551746,0.630675522,0.869636275,0.578181805,0.537380206,0.87092652,1.026752739,0.973944322,1.288941753,1.848777367,1.240016157,78.68,2.284455,7.9,6.49,19,22,890.24,40,12.115935,1.035021,2.048602,2.612333,17.811891,14.728268,2,Punto_3,8/26/2016,6/26/2016,7/26/2016,"{""type"":""Point"",""coordinates"":[-100.28059,25.80205]}"
5_2,0.139400005,0.1149,0.055599999,0.106899999,0.093400002,0.066399999,0.081699997,0.170599997,0.389442811,1.143206912,0.640550043,0.850826021,0.578181805,0.48389903,0.87092652,1.026752739,0.973944322,1.288941753,1.973944322,1.18337659,29.49,3.12567,7.8,8.15,15,17,1237.76,18,11.762973,0.227063,6.724592,0.644497,19.359125,12.40747,2,Punto_3,10/5/2016,8/5/2016,9/4/2016,"{""type"":""Point"",""coordinates"":[-100.28059,25.80205]}"
6_2,0.135499999,0.1065,0.056600001,0.101400003,0.085199997,0.069700003,0.0867,0.094899997,0.427345202,0.982698927,0.608610558,0.837719276,0.765573798,0.531455407,1.213228937,1.406626551,0.710920748,1.194244614,1.710920748,1.641803315,211.8,5.46048,7.5,8.11,85,120,2195.2,60,11.19543,3.4161,3.11592,7.05136,24.77881,18.24679,3,Punto_3,3/25/2017,1/23/2017,2/22/2017,"{""type"":""Point"",""coordinates"":[-100.28059,25.80205]}"
7_2,0.135499999,0.112099998,0.056600001,0.106600001,0.101199999,0.0823,0.092699997,0.204699993,0.487848255,1.091693663,0.640567203,0.890266288,0.67458428,0.50490635,1.272300462,1.222381543,0.818075179,1.231448795,1.818075179,1.477434637,165.29,4.20505,7.7,6.3,90,124,1516.8,70,18.33103,3.15498,2.82137,10.33882,34.6462,28.66985,3,Punto_3,5/5/2017,3/5/2017,4/4/2017,"{""type"":""Point"",""coordinates"":[-100.28059,25.80205]}"
8_2,0.158849999,0.180549994,0.132400006,0.139699996,0.126249999,0.108900003,0.119199999,0.247700006,0.34797892,1.059144297,0.652718114,0.916713334,0.728581706,0.733314929,1.20874221,1.229647626,0.81324111,1.454063584,1.81324111,1.496040317,46.12,3.96423,7.7,7.21,20,22,1369.6,40,3.44682,0.36367,16.38479,1.61786,21.81314,5.06468,2,Punto_3,6/16/2017,4/16/2017,5/16/2017,"{""type"":""Point"",""coordinates"":[-100.28059,25.80205]}"
9_2,0.162750006,0.176850006,0.129250005,0.139400005,0.123099998,0.10915,0.119549997,0.227599993,0.356582803,1.029694693,0.638220267,0.892423648,0.5232076,0.730845352,0.879811711,1.159320433,0.86257429,0.822507539,1.86257429,1.102154928,114.14,2.47881,7.5,4.62,50,58.67,1233.28,40,7.98699,1.25613,9.45815,3.14036,21.84163,11.12735,2,Punto_3,7/28/2017,5/28/2017,6/27/2017,"{""type"":""Point"",""coordinates"":[-100.28059,25.80205]}"
10_2,0.131899998,0.098300003,0.048700001,0.095399998,0.078599997,0.059900001,0.076399997,0.086400002,0.407482988,1.028795813,0.605849572,0.808133447,0.51635904,0.495422175,0.920271418,1.127805751,0.886677514,0.844487395,1.886677514,1.101090594,64.45,2.4798,7.6,7.06,50,55.5,1075.84,25,5.001161,0.181926,10.424929,3.211798,18.819814,8.212959,1,Punto_3,9/8/2017,7/9/2017,8/8/2017,"{""type"":""Point"",""coordinates"":[-100.28059,25.80205]}"
11_2,0.143150002,0.093999997,0.050050002,0.111649998,0.099150002,0.081799999,0.098350003,0.136299998,0.567858381,1.0081342,0.626262628,0.877972904,0.723756865,0.532446844,1.341810724,1.312186911,0.762086553,1.229979453,1.762086553,1.602209872,239.85,6.94555,7.5,7.121,130,163,1110.4,60,28.04398,0.02495,0.3277,5.27636,33.67299,33.32034,4,Punto_3,10/19/2017,8/19/2017,9/18/2017,"{""type"":""Point"",""coordinates"":[-100.28059,25.80205]}"
12_2,0.139349997,0.0836,0.050650001,0.10255,0.079499997,0.064049996,0.081249997,0.079400003,0.477094945,0.97846154,0.595031871,0.790314648,0.751990911,0.605861254,1.522872411,1.212102731,0.825012579,1.63436556,1.825012579,1.598786491,67.16,1.27626,7.6,6.98,17,23.7,1472,30,9.003569,0.183853,10.536886,1.54898,21.273288,10.552549,5,Punto_3,3/11/2018,1/9/2018,2/8/2018,"{""type"":""Point"",""coordinates"":[-100.28059,25.80205]}"
13_2,0.133550003,0.086099997,0.048450001,0.098049998,0.082099997,0.068700001,0.08145,0.078749999,0.510590872,1.007980308,0.599900078,0.808652627,0.693112461,0.562717795,1.666866002,1.241217824,0.805660361,1.264560626,1.805660361,1.587183975,96.15,5.20922,8.2,10.21,40,59,1043.84,40,9.744357,0.401679,6.948036,9.9171,27.011172,19.661457,5,Punto_3,4/13/2018,2/11/2018,3/13/2018,"{""type"":""Point"",""coordinates"":[-100.28059,25.80205]}"
14_2,0.168899998,0.114600003,0.061700001,0.136299998,0.120200001,0.089900002,0.101800002,0.2095,0.509926261,1.180746544,0.649202733,0.857805266,0.700810889,0.538394414,1.551103456,1.195050884,0.836784453,1.417956653,1.836784453,1.537772026,51.2,2.12648,8.3,9.15,21,19.33,1523.2,20,19.330729,0.567854,5.809398,0,25.707981,19.330729,4,Punto_3,5/27/2018,3/27/2018,4/26/2018,"{""type"":""Point"",""coordinates"":[-100.28059,25.80205]}"
15_2,0.1567,0.109449998,0.061949998,0.126849994,0.115199998,0.08625,0.10125,0.192699999,0.503208879,1.137777755,0.654542986,0.890924052,0.792875977,0.566011873,1.473821937,1.337041137,0.747920144,1.457050242,1.747920144,1.691952459,129.05,3.90181,7.4,3.11,60,54.5,1324.16,40,31.665638,0.004,0.0537,7.89142,39,39,8,Punto_3,7/9/2018,5/9/2018,6/8/2018,"{""type"":""Point"",""coordinates"":[-100.28059,25.80205]}"
16_2,0.126800001,0.085699998,0.0462,0.091200002,0.070100002,0.0526,0.062700003,0.056400001,0.398786968,1.1180223,0.596082787,0.740245289,0.777327933,0.539089859,1.431704008,1.335652156,0.748697927,1.392251853,1.748697927,1.633265827,65.29,2.56361,7.6,6.2,26,26,1766.4,30,25.579832,0.348746,5.809213,0,31.737791,25.579832,3,Punto_3,11/8/2018,9/8/2018,10/8/2018,"{""type"":""Point"",""coordinates"":[-100.28059,25.80205]}"
17_2,0.128849998,0.087200001,0.050799999,0.091600001,0.070150003,0.054450002,0.066150002,0.058699999,0.394565228,1.06046864,0.588395793,0.743589772,0.709514192,0.582568794,1.479579975,1.332699656,0.750356613,1.138528146,1.750356613,1.632591132,58.51,3.6962,6.9,8.3,16,27,1734.4,40,34.918854,1.119425,2.868285,0.62711,39.533674,35.545964,6,Punto_3,12/13/2018,10/13/2018,11/12/2018,"{""type"":""Point"",""coordinates"":[-100.28059,25.80205]}"
18_2,0.130449995,0.078950003,0.047699999,0.090949997,0.069600001,0.050250001,0.062899999,0.08625,0.396762736,1.10651831,0.591017861,0.733259561,0.666508334,0.604179827,1.477637578,1.28833794,0.776193861,1.071850438,1.776193861,1.536817123,81.19,2.2881,7.8,6.6,33,40,1945.6,50,27.288797,0.774076,4.441631,0,32.504504,27.288797,4,Punto_3,2/14/2019,12/15/2018,1/14/2019,"{""type"":""Point"",""coordinates"":[-100.28059,25.80205]}"
0_3,0.142900005,0.162499994,0.112400003,0.1021,0.085100003,0.072099999,0.115000002,0.154599994,0.26227719,0.740000009,0.590350049,0.930697681,0.710566623,0.69169235,1.652311473,1.385074612,0.721982766,1.053459166,1.721982766,1.63910156,82,4.154123,7.4,6.13,33,46,1161.6,25,29.457109,0.502059,4.080553,1.548567,35.588288,31.005676,2,Punto_4,3/27/2016,1/26/2016,2/25/2016,"{""type"":""Point"",""coordinates"":[-100.21237,25.830950000000005]}"
1_3,0.148900002,0.225700006,0.152500004,0.114699997,0.110200003,0.095899999,0.153300002,0.260800004,0.253569531,0.718851932,0.625591101,1.076388903,0.461246623,0.675675674,0.879384678,1.180305191,0.847238501,0.641459046,1.847238501,1.014634152,96,3.753304,7.5,1.89,35,45,1811.2,25,11.436772,0.328579,1.948792,7.739169,21.453312,19.175941,2,Punto_4,5/13/2016,3/13/2016,4/12/2016,"{""type"":""Point"",""coordinates"":[-100.21237,25.830950000000005]}"
2_3,0.151500002,0.228200004,0.144999996,0.118100002,0.112350002,0.093950003,0.147599995,0.259350002,0.251741703,0.7611789,0.633888048,1.059075135,0.443639298,0.635407509,0.659725292,1.149113699,0.870235905,0.628852439,1.870235905,0.905394514,96.41,5.3888,8.2,7.32,32,43,1107.2,50,22.645325,0.007742,0.033297,3.740265,26.426629,26.38559,4,Punto_4,6/17/2016,4/17/2016,5/17/2016,"{""type"":""Point"",""coordinates"":[-100.21237,25.830950000000005]}"
3_3,0.154100001,0.230700001,0.137500003,0.1215,0.114500001,0.092,0.141900003,0.2579,0.249864202,0.806906263,0.642002178,1.041852917,0.470182056,0.596012147,0.66389132,1.195848833,0.836226095,0.647931076,1.836226095,0.964427726,9,0.054916,8,7.22,13,13,2572.8,13,0.164782,0.08513,3.319942,2.090625,5.660479,2.255407,2,Punto_4,7/24/2016,5/24/2016,6/23/2016,"{""type"":""Point"",""coordinates"":[-100.21237,25.830950000000005]}"
4_3,0.149700001,0.229399994,0.142700002,0.113200001,0.107299998,0.091499999,0.147799999,0.255199999,0.24590164,0.725981052,0.622178326,1.057628511,0.498910673,0.622057565,0.667967057,1.244565227,0.803493444,0.669090896,1.803493444,1.028322432,70.98,3.341066,8.3,7.92,28,48,1862.4,60,14.931744,0.136449,0.569382,0.973957,16.611532,15.905701,2,Punto_4,8/26/2016,6/26/2016,7/26/2016,"{""type"":""Point"",""coordinates"":[-100.21237,25.830950000000005]}"
5_3,0.146200001,0.175099999,0.084899999,0.119800001,0.101800002,0.088200003,0.127100006,0.182999998,0.339230783,0.800944119,0.625635235,0.976535853,0.458155414,0.48486579,0.652571948,1.172677589,0.852749306,0.641205313,1.852749306,0.941502985,18.78,1.53021,7,7.82,2.9,9,974.08,20,7.084556,2.853639,7.098924,0,17.037119,7.084556,2,Punto_4,10/5/2016,8/5/2016,9/4/2016,"{""type"":""Point"",""coordinates"":[-100.21237,25.830950000000005]}"
6_3,0.135000005,0.140000001,0.087399997,0.093599997,0.076099999,0.060600001,0.094599999,0.130799994,0.266490774,0.804439743,0.586791128,0.87269935,0.58809937,0.624285689,0.83495147,1.154194998,0.866404725,1.038869302,1.866404725,1.280184869,57.1,2.98322,7.5,6.17,9.6,22.3,1580.8,30,8.41787,0.78734,3.66339,1.57115,14.43975,9.98902,3,Punto_4,3/25/2017,1/23/2017,2/22/2017,"{""type"":""Point"",""coordinates"":[-100.21237,25.830950000000005]}"
7_3,0.141000003,0.197699994,0.132499993,0.100299999,0.100000001,0.079300001,0.147400007,0.197699994,0.240157494,0.678426031,0.62476606,1.123014089,0.51418919,0.67020737,0.964285748,1.255775537,0.796320657,0.693363885,1.796320657,1.146621613,76.88,2.114531758,7.1,7.22,19,20,914.56,50,13.83431,0.01794,0.78435,1.99194,16.62854,15.82625,3,Punto_4,5/5/2017,3/5/2017,4/4/2017,"{""type"":""Point"",""coordinates"":[-100.21237,25.830950000000005]}"
8_3,0.145950004,0.220850006,0.136199996,0.106550001,0.105250001,0.082900003,0.145750001,0.274100006,0.232180373,0.722126931,0.631484784,1.096788264,0.472143552,0.616708138,0.713201856,1.261034047,0.793000001,0.598490608,1.793000001,0.945703523,28.18,3.33484,7,6.63,7.5,10.7,1290.88,25,1.50024,1.8198,11.47205,1.51841,16.3105,3.01865,2,Punto_4,6/16/2017,4/16/2017,5/16/2017,"{""type"":""Point"",""coordinates"":[-100.21237,25.830950000000005]}"
9_3,0.149599999,0.214699998,0.13335,0.10695,0.103950001,0.078850001,0.139650002,0.257400006,0.226547914,0.7443609,0.628801434,1.066316494,0.480374266,0.621099212,0.660855787,1.269601902,0.787648474,0.608663767,1.787648474,0.966681894,32.11,1.9154,7.2,6.85,5.3,11,1235.84,25,7.83237,0.65286,7.81105,0.0003,16.29658,7.83267,2,Punto_4,7/28/2017,5/28/2017,6/27/2017,"{""type"":""Point"",""coordinates"":[-100.21237,25.830950000000005]}"
10_3,0.127499998,0.133100003,0.075199999,0.089299999,0.077,0.053800002,0.088399999,0.126599997,0.258281331,0.871040731,0.614560235,0.91230005,0.489868053,0.564988709,0.696786214,1.318325933,0.75853776,0.591301097,1.75853776,0.993873706,49.31,4.60003,7.3,6.97,4.8,9,1326.72,25,10.50805,0.942357,5.850658,0,17.301065,10.50805,1,Punto_4,9/8/2017,7/9/2017,8/8/2017,"{""type"":""Point"",""coordinates"":[-100.21237,25.830950000000005]}"
11_3,0.139349997,0.137099996,0.077,0.100249998,0.087549999,0.064850003,0.091799997,0.136999995,0.302895861,0.95370373,0.616850054,0.878305566,0.596899219,0.561633856,0.957926332,1.431226712,0.698701325,0.715425565,1.698701325,1.289147271,60,3.64336,7.4,3.66,13,13.67,1446.4,50,17.87655,0.34267,1.29709,0,19.51631,17.87655,4,Punto_4,10/19/2017,8/19/2017,9/18/2017,"{""type"":""Point"",""coordinates"":[-100.21237,25.830950000000005]}"
12_3,0.144350007,0.093199998,0.055300001,0.095849998,0.071800001,0.05455,0.078749999,0.0766,0.367340066,0.911746051,0.568787096,0.756912998,0.617201255,0.593347663,1.016411385,1.350038488,0.740719623,0.84220783,1.740719623,1.323933696,42.63,1.59701,7.4,4.73,12,17,1702.4,15,6.746825,0.49299,4.979726,1.12468,13.344221,7.871505,5,Punto_4,3/11/2018,1/9/2018,2/8/2018,"{""type"":""Point"",""coordinates"":[-100.21237,25.830950000000005]}"
13_3,0.137850001,0.125499994,0.076499999,0.094449997,0.084749997,0.064350002,0.088950001,0.127250001,0.318564376,0.952782417,0.604078859,0.859050419,0.653618576,0.609561773,1.54881985,1.316223677,0.759749287,0.986437586,1.759749287,1.526172038,44.83,4.67861,7.6,7.1,8.7,11.33,1009.92,50,13.7227,0.061352,0.305581,0,14.089633,13.7227,5,Punto_4,4/13/2018,2/11/2018,3/13/2018,"{""type"":""Point"",""coordinates"":[-100.21237,25.830950000000005]}"
14_3,0.155100003,0.158549994,0.094049998,0.117749996,0.109499998,0.084899999,0.115900002,0.205149993,0.336104521,0.944779949,0.635220114,0.939166662,0.601703916,0.593188275,1.098406442,1.317016234,0.759292083,0.841176506,1.759292083,1.272275424,31.33,3.55635,7.8,8.31,6.1,11,780.16,20,15.390627,0.842682,2.591877,6.74681,25.571996,22.137437,4,Punto_4,5/27/2018,3/27/2018,4/26/2018,"{""type"":""Point"",""coordinates"":[-100.21237,25.830950000000005]}"
15_3,0.150999993,0.177149996,0.102049999,0.111000001,0.107349999,0.078599997,0.122649997,0.252600014,0.281518618,0.875254802,0.641074592,1.00174219,0.611902768,0.576065488,0.978240357,1.289752643,0.77534247,0.902711338,1.77534247,1.269907789,38.5,2.61699,7.9,6.79,7.9,9,1396.48,25,26.565269,0.004,1.977,0,28,26,8,Punto_4,7/9/2018,5/9/2018,6/8/2018,"{""type"":""Point"",""coordinates"":[-100.21237,25.830950000000005]}"
16_3,0.123999998,0.084799998,0.0383,0.0911,0.069499999,0.055599999,0.055,0.0669,0.451665311,1.263636357,0.593276695,0.693207134,0.594243021,0.451650958,0.852384964,1.365776126,0.732184419,0.770210658,1.732184419,1.20869087,39.55,3.71058,7.1,9.18,11,16.33,1395.84,50,27.072903,0.7318,4.028619,0,32.131091,27.072903,3,Punto_4,11/8/2018,9/8/2018,10/8/2018,"{""type"":""Point"",""coordinates"":[-100.21237,25.830950000000005]}"
17_3,0.126800001,0.082699999,0.043749999,0.08935,0.067749999,0.052700002,0.064750001,0.069449998,0.416765539,1.046332025,0.584340703,0.738161552,0.740149097,0.529020552,1.46226417,1.250000017,0.799999989,1.451697089,1.799999989,1.710330151,96.44,4.7271,7.7,5.95,17,44.5,1593.6,50,27.682676,0.421523,1.720422,0.55456,30.379181,28.237236,6,Punto_4,12/13/2018,10/13/2018,11/12/2018,"{""type"":""Point"",""coordinates"":[-100.21237,25.830950000000005]}"
18_3,0.133200005,0.09725,0.055799998,0.090549998,0.065849997,0.049899999,0.0722,0.080200002,0.326037241,0.912049818,0.571532959,0.753959555,0.702436483,0.573778905,1.533252743,1.285578695,0.777859811,1.204571489,1.777859811,1.628823202,96.53,3.34901,7.7,6.12,55,71.5,1657.6,13,25.456268,0.66825,4.52956,0,30.654078,25.456268,4,Punto_4,2/14/2019,12/15/2018,1/14/2019,"{""type"":""Point"",""coordinates"":[-100.21237,25.830950000000005]}"
0_4,0.135900006,0.141599998,0.087899998,0.099799998,0.079300001,0.068700001,0.087899998,0.114200003,0.299346414,0.902161584,0.588370554,0.817204271,0.622989581,0.620762706,1.369665863,1.319639246,0.757782859,0.894265243,1.757782859,1.479659403,97,6.496741,8.1,7.15,29,40,1261.44,25,28.026876,1.314005,0.163843,6.467761,35.972485,34.494637,2,Punto_5,3/27/2016,1/26/2016,2/25/2016,"{""type"":""Point"",""coordinates"":[-100.20026,25.82832]}"
1_4,0.137400001,0.191599995,0.108999997,0.103799999,0.090599999,0.069300003,0.107299998,0.206,0.230538939,0.844361605,0.626086942,0.957426187,0.506385709,0.56889353,0.959745817,1.15429404,0.866330385,0.781569992,1.866330385,1.143678168,81,3.995796,7.5,2.52,36,41,1804.8,25,14.862432,0.234132,3.602477,2.272923,20.971964,17.135355,2,Punto_5,5/13/2016,3/13/2016,4/12/2016,"{""type"":""Point"",""coordinates"":[-100.20026,25.82832]}"
2_4,0.141249999,0.192699999,0.108199999,0.108800001,0.100450002,0.078749999,0.109350003,0.219600007,0.261714856,0.918609955,0.636405118,0.953636391,0.508132353,0.561494549,0.717119024,1.307359227,0.764900709,0.635779863,1.764900709,1.090297234,62.95,3.89249,7.8,8.12,26,30,1363.2,40,17.49527,0.146223,1.089237,0,18.73073,17.49527,4,Punto_5,6/17/2016,4/17/2016,5/17/2016,"{""type"":""Point"",""coordinates"":[-100.20026,25.82832]}"
3_4,0.145099998,0.193800002,0.1074,0.113799997,0.110299997,0.088200003,0.111400001,0.233199999,0.292828693,0.99012564,0.645635251,0.9502786,0.537309455,0.55417956,0.733004673,1.275555586,0.783972107,0.727818857,1.783972107,1.119283259,11,0.054011,7.6,7.78,14,11,2489.6,15,0.19897,0.08864,2.966255,2.035227,5.289092,2.234197,2,Punto_5,7/24/2016,5/24/2016,6/23/2016,"{""type"":""Point"",""coordinates"":[-100.20026,25.82832]}"
4_4,0.130799994,0.194499999,0.101800002,0.099299997,0.094800003,0.078699999,0.106299996,0.214200005,0.265609174,0.891815674,0.628562197,0.959904566,0.563905907,0.523393329,0.748709988,1.250566819,0.799637401,0.821229077,1.799637401,1.145705472,75,2.929604,8.3,6.92,29,34,1913.6,60,14.812707,0.143649,0.691685,0,15.648041,14.812707,2,Punto_5,8/26/2016,6/26/2016,7/26/2016,"{""type"":""Point"",""coordinates"":[-100.20026,25.82832]}"
5_4,0.131500006,0.141200006,0.064099997,0.100000001,0.084700003,0.061799999,0.090099998,0.183899999,0.301022885,0.940066652,0.629730653,0.904293826,0.52520777,0.453965967,0.672493544,1.204574391,0.830168736,0.773084449,1.830168736,1.075346256,9,1.573135,7.4,7.95,2.9,9,954.24,20,6.516456,2.86385,6.462073,0,15.842379,6.516456,2,Punto_5,10/5/2016,8/5/2016,9/4/2016,"{""type"":""Point"",""coordinates"":[-100.20026,25.82832]}"
6_4,0.128999993,0.128600001,0.070900001,0.090400003,0.080399998,0.054299999,0.082699999,0.130400002,0.272180444,0.972188613,0.624040933,0.889798165,0.6727562,0.551321928,0.931303117,1.37055023,0.729633966,0.964118595,1.729633966,1.467037409,48.45,2.28864,7.7,7.13,140,90,1452.8,30,6.23719,0.6559,3.135,1.31815,11.34624,7.55534,3,Punto_5,3/25/2017,1/23/2017,2/22/2017,"{""type"":""Point"",""coordinates"":[-100.20026,25.82832]}"
7_4,0.130700007,0.158800006,0.090999998,0.094400004,0.086750001,0.064549997,0.103349999,0.203950003,0.258406711,0.839380763,0.625409975,0.973623533,0.642172506,0.573047826,1.003110357,1.480662964,0.675373143,0.765867398,1.675373143,1.36421726,74.63,3.0487,7.2,7.35,19,24,924.16,50,14.24505,0.12554,2.12672,2.63938,19.13669,16.88443,3,Punto_5,5/5/2017,3/5/2017,4/4/2017,"{""type"":""Point"",""coordinates"":[-100.20026,25.82832]}"
8_4,0.137199998,0.1866,0.109049998,0.1087,0.10345,0.086099997,0.117150001,0.234899998,0.291222722,0.883055904,0.639006034,0.987908672,0.55769851,0.584405136,0.823047873,1.343919506,0.744092183,0.709340646,1.744092183,1.164577367,31.38,3.33879,7.1,6.67,7.6,11,1295.36,25,1.54379,1.61935,10.55741,0,13.72055,1.54379,2,Punto_5,6/16/2017,4/16/2017,5/16/2017,"{""type"":""Point"",""coordinates"":[-100.20026,25.82832]}"
9_4,0.138549998,0.191200003,0.108499996,0.114950001,0.110349998,0.092500001,0.117650002,0.230450004,0.30864198,0.937951515,0.651156065,0.986799396,0.530105061,0.567468591,0.735262584,1.201509915,0.832286099,0.789546067,1.832286099,1.087112503,39.8,2.20387,7.1,6.84,5.8,11,1239.68,25,8.02846,0.64702,7.73176,0,16.40724,8.02846,2,Punto_5,7/28/2017,5/28/2017,6/27/2017,"{""type"":""Point"",""coordinates"":[-100.20026,25.82832]}"
10_4,0.123899996,0.170300007,0.090999998,0.117600001,0.108199999,0.095600002,0.1039,0.215900004,0.365862991,1.041385931,0.669830913,0.966287022,0.549004971,0.534351113,0.724633871,1.192972935,0.838241984,0.852534602,1.838241984,1.120895532,33.34,4.2931,7.5,6.89,4.4,9,1318.4,25,10.173388,0.962283,5.76855,0,16.904221,10.173388,1,Punto_5,9/8/2017,7/9/2017,8/8/2017,"{""type"":""Point"",""coordinates"":[-100.20026,25.82832]}"
11_4,0.123899996,0.143999994,0.090999998,0.117600001,0.108199999,0.095600002,0.1039,0.210899994,0.406808531,1.041385931,0.669830913,0.966287022,0.579849941,0.631944459,0.727539585,1.131799132,0.883549008,1.050549489,1.883549008,1.21007503,55.76,3.46965,7.5,3.01,9.8,13,1289.6,50,0.19135,0.16527,1.55421,14.96537,16.8762,15.15672,4,Punto_5,10/19/2017,8/19/2017,9/18/2017,"{""type"":""Point"",""coordinates"":[-100.20026,25.82832]}"
12_4,0.132200003,0.076449998,0.042199999,0.089400001,0.0614,0.044599999,0.060449999,0.06425,0.37589549,1.015715487,0.566491358,0.68919682,0.579849941,0.551994772,0.860416678,1.131799132,0.883549008,1.050549489,1.883549008,1.21007503,49.88,1.48537,7.3,3.76,17,22.33,1587.2,18,8.631162,0.441545,6.630691,0,15.703398,8.631162,5,Punto_5,3/11/2018,1/9/2018,2/8/2018,"{""type"":""Point"",""coordinates"":[-100.20026,25.82832]}"
13_4,0.126450002,0.101800002,0.057799999,0.089400001,0.073250003,0.0557,0.075450003,0.113349997,0.348997494,0.970841618,0.59896889,0.816360166,0.70737329,0.567779936,1.72923488,1.376681653,0.726384344,1.056872031,1.726384344,1.737327242,47.98,4.05058,8.1,7.89,15,18,774.4,60,11.604465,0.045613,0.317231,2.90545,14.872759,14.509915,5,Punto_5,4/13/2018,2/11/2018,3/13/2018,"{""type"":""Point"",""coordinates"":[-100.20026,25.82832]}"
14_4,0.152099997,0.170599997,0.093699999,0.1197,0.111599997,0.082599998,0.106899999,0.256199986,0.312523642,1.043966302,0.652652371,0.930975718,0.645374483,0.549237988,1.242141449,1.315080838,0.760409529,0.963667849,1.760409529,1.433039695,34.92,2.18767,7.5,8.17,12,12,1112.96,18,13.311944,0.676751,4.010695,0.51107,18.51046,13.823014,4,Punto_5,5/27/2018,3/27/2018,4/26/2018,"{""type"":""Point"",""coordinates"":[-100.20026,25.82832]}"
15_4,0.144600004,0.169650003,0.088500001,0.116149999,0.110650003,0.084849998,0.108199999,0.261849999,0.328684862,1.022643293,0.656250003,0.953802569,0.633011905,0.521662239,0.8915592,1.351089589,0.740143369,0.881536801,1.740143369,1.31196824,34.59,1.98453,8.1,6.87,7.4,11,1491.2,25,25.12188,0.004,2.3555,0,27,25,8,Punto_5,7/9/2018,5/9/2018,6/8/2018,"{""type"":""Point"",""coordinates"":[-100.20026,25.82832]}"
16_4,0.120200001,0.074100003,0.035500001,0.087399997,0.069600001,0.047699999,0.059700001,0.099399999,0.435218954,1.165829142,0.614962788,0.770101264,0.63830403,0.47908232,0.852343066,1.304066059,0.766832319,0.958757038,1.766832319,1.308335758,50.76,3.77109,7.3,9.21,11,13,1427.2,50,26.254547,1.015246,3.855048,0,31.124841,26.254547,3,Punto_5,11/8/2018,9/8/2018,10/8/2018,"{""type"":""Point"",""coordinates"":[-100.20026,25.82832]}"
17_4,0.12235,0.076549999,0.03655,0.0858,0.062199999,0.0458,0.058200002,0.082350001,0.404951375,1.068728468,0.582791881,0.716027358,0.836538471,0.477465716,1.622132205,1.459119546,0.685344805,1.343661901,1.685344805,1.887019199,64,3.8334,7.8,4.99,8,30,1600,50,24.194824,0.036104,0.097868,0,24.328796,24.194824,6,Punto_5,12/13/2018,10/13/2018,11/12/2018,"{""type"":""Point"",""coordinates"":[-100.20026,25.82832]}"
18_4,0.121299997,0.0788,0.041200001,0.0823,0.057100002,0.0374,0.052200001,0.0726,0.311666662,1.093869749,0.578423251,0.688720886,0.755312667,0.522842648,1.598301774,1.35807856,0.736334428,1.253077976,1.736334428,1.797207005,84.7,2.48326,7.8,6.06,50,59.5,1644.8,15,20.013908,0.670299,5.660401,0,26.344608,20.013908,4,Punto_5,2/14/2019,12/15/2018,1/14/2019,"{""type"":""Point"",""coordinates"":[-100.20026,25.82832]}"
0_5,0.129800007,0.129199997,0.071199998,0.090400003,0.069700003,0.057,0.089100003,0.079000004,0.284431145,0.782267117,0.577561327,0.850107067,0.726463121,0.551083592,1.539340058,1.526738022,0.65499122,0.907766968,1.65499122,1.773536903,60,2.869502,7.9,5.47,26,28,1418.88,25,19.997015,1.297839,2.604687,0.02,23,20,2,Punto_6,3/27/2016,1/26/2016,2/25/2016,"{""type"":""Point"",""coordinates"":[-100.04244000000001,25.781600000000005]}"
1_5,0.141299993,0.194199994,0.112800002,0.100699998,0.088600002,0.073700003,0.113499999,0.152099997,0.24006516,0.780616766,0.599619905,0.940000023,0.543681775,0.580844518,1.004644042,1.222807064,0.8177905,0.800561818,1.8177905,1.248830013,67,2.1055,8,6.75,39,54,1323.52,30,12.823109,0.833293,1.463541,1.553491,16.673434,14.3766,2,Punto_6,5/13/2016,3/13/2016,4/12/2016,"{""type"":""Point"",""coordinates"":[-100.04244000000001,25.781600000000005]}"
2_5,0.140200004,0.177900001,0.096699998,0.102899998,0.090350002,0.070500001,0.106749997,0.154200003,0.256737078,0.84637007,0.616230862,0.935453221,0.475067022,0.543563783,0.727600397,1.202170939,0.831828459,0.653368812,1.831828459,1.015013379,25.14,2.337723,7.8,6.96,12,9,1907.2,25,9.968126,2.635171,2.659753,0.448252,15.711302,10.416378,4,Punto_6,6/17/2016,4/17/2016,5/17/2016,"{""type"":""Point"",""coordinates"":[-100.04244000000001,25.781600000000005]}"
3_5,0.1391,0.161599994,0.080600001,0.105099998,0.092100002,0.067299999,0.100000001,0.156299993,0.277869533,0.921000005,0.633065816,0.930717073,0.540370829,0.498762401,0.788083209,1.281560289,0.780298835,0.729058975,1.780298835,1.155801445,36.52,3.192427,8.1,8.82,20,21,1894.4,40,15.931958,0.965731,1.644522,1.178067,19.720278,17.110025,2,Punto_6,7/24/2016,5/24/2016,6/23/2016,"{""type"":""Point"",""coordinates"":[-100.04244000000001,25.781600000000005]}"
4_5,0.131200001,0.170599997,0.084799998,0.092200004,0.081699997,0.061500002,0.101800002,0.221300006,0.240798759,0.802553983,0.6103896,0.95225738,0.622718064,0.497069162,0.860767362,1.368499299,0.730727448,0.834987575,1.730727448,1.333333333,19.45,0.758082,7.9,7.53,4.1,11,1043.84,25,4.587569,2.302267,4.555181,0.834661,12.279678,5.42223,2,Punto_6,8/26/2016,6/26/2016,7/26/2016,"{""type"":""Point"",""coordinates"":[-100.04244000000001,25.781600000000005]}"
5_5,0.126000002,0.109499998,0.048599999,0.085100003,0.071000002,0.043400001,0.075599998,0.075000003,0.274509813,0.939153492,0.613359535,0.865407309,0.558441542,0.443835617,0.769050427,1.328455202,0.752754025,0.72523589,1.752754025,1.188653463,11,1.7713,8.2,5.76,28,33,1717.76,15,4.319666,2.500402,6.797928,1.531306,15.149302,5.850972,2,Punto_6,10/5/2016,8/5/2016,9/4/2016,"{""type"":""Point"",""coordinates"":[-100.04244000000001,25.781600000000005]}"
6_5,0.126699999,0.096900001,0.065499999,0.092200004,0.073299997,0.057799999,0.075199999,0.055799998,0.355911322,0.974734011,0.598120706,0.804878034,0.771739154,0.67595457,1.150684967,1.635944725,0.611267597,0.893004142,1.611267597,1.696739181,24.01,1.24552,8.1,8.79,6.6,9,1349.12,30,8.62469,2.59189,7.17197,0.58988,18.97843,9.21457,3,Punto_6,3/25/2017,1/23/2017,2/22/2017,"{""type"":""Point"",""coordinates"":[-100.04244000000001,25.781600000000005]}"
7_5,0.128150001,0.149000004,0.084200002,0.092600003,0.079949997,0.0601,0.093450002,0.133149996,0.257718691,0.855537671,0.614384894,0.921115529,0.594484981,0.565100671,1.307533513,1.26816606,0.788540264,0.882442746,1.788540264,1.342254694,76.88,4.40465,7.5,7.1,33,45,917.12,30,9.855,0.50732,4.79187,2.6082,17.76239,12.4632,3,Punto_6,5/5/2017,3/5/2017,4/4/2017,"{""type"":""Point"",""coordinates"":[-100.04244000000001,25.781600000000005]}"
8_5,0.146149993,0.182999998,0.100400001,0.106150001,0.095749997,0.071199998,0.113899998,0.166350007,0.251234998,0.840649675,0.624111291,0.964573285,0.554054026,0.548633889,0.860067099,1.33028281,0.751719854,0.713776707,1.751719854,1.195772676,33.31,1.12371,7.3,6.71,16,16,947.2,30,2.31913,0.53997,6.87615,1.49493,11.23018,3.81406,2,Punto_6,6/16/2017,4/16/2017,5/16/2017,"{""type"":""Point"",""coordinates"":[-100.04244000000001,25.781600000000005]}"
9_5,0.149100006,0.169699997,0.09285,0.110399999,0.098250002,0.072750002,0.1087,0.157100007,0.27709009,0.903863863,0.62799096,0.932837477,0.557983666,0.547142024,0.798633849,1.344803356,0.743603141,0.709163324,1.743603141,1.176573421,48.68,3.17862,7.4,7.04,26,33.67,1104.64,15,9.583384,0.515076,6.085307,0,16.183767,9.583384,2,Punto_6,7/28/2017,5/28/2017,6/27/2017,"{""type"":""Point"",""coordinates"":[-100.04244000000001,25.781600000000005]}"
10_5,0.1294,0.091899998,0.0458,0.089000002,0.0757,0.051399998,0.073600002,0.054400001,0.373275227,1.028532585,0.610452193,0.825774352,0.593297105,0.498367804,0.878609361,1.350515447,0.740458025,0.783521835,1.740458025,1.259963757,25.72,1.7136,7.6,6.89,8.3,13.5,1159.68,30,4.838984,0.99535,7.068262,0,12.902596,4.838984,1,Punto_6,9/8/2017,7/9/2017,8/8/2017,"{""type"":""Point"",""coordinates"":[-100.04244000000001,25.781600000000005]}"
11_5,0.131950006,0.089649998,0.041749999,0.097949997,0.083099999,0.064800002,0.0735,0.055750001,0.493150711,1.130612226,0.614353555,0.795933888,0.778806593,0.465699944,1.408052254,1.472762691,0.678996016,1.122270696,1.678996016,1.694444481,80.84,2.75352,7.5,7.34,23,23.67,727.04,50,12.21145,0.42605,1.81807,0,14.45557,12.21145,4,Punto_6,10/19/2017,8/19/2017,9/18/2017,"{""type"":""Point"",""coordinates"":[-100.04244000000001,25.781600000000005]}"
12_5,0.129099995,0.0792,0.046799999,0.092600003,0.067699999,0.052700002,0.066500001,0.045400001,0.418253988,1.018045082,0.58418368,0.738173827,0.779915514,0.590909078,1.471835018,1.282407352,0.779783427,1.552095889,1.779783427,1.699202197,39.15,2.26439,8,9.16,18,26,1359.36,15,7.73362,1.07662,5.54031,1.66855,16.0191,9.40217,5,Punto_6,3/11/2018,1/9/2018,2/8/2018,"{""type"":""Point"",""coordinates"":[-100.04244000000001,25.781600000000005]}"
13_5,0.123499997,0.080700003,0.046799999,0.085500002,0.067699999,0.050799999,0.070100002,0.0561,0.398431364,0.965763148,0.589684379,0.790590955,0.680401993,0.579925616,1.630050449,1.284629912,0.778434311,1.126068444,1.778434311,1.611055284,50.19,3.04179,7.9,6.65,23,29.33,1265.92,30,8.160942,1.079561,8.779614,1.58969,19.609807,9.750632,5,Punto_6,4/13/2018,2/11/2018,3/13/2018,"{""type"":""Point"",""coordinates"":[-100.04244000000001,25.781600000000005]}"
14_5,0.151099995,0.069200002,0.0403,0.113200001,0.086999997,0.0614,0.066,0.079700001,0.560730583,1.318181787,0.614676086,0.720000004,0.69364754,0.582369935,1.530359268,1.332677154,0.750369282,1.085470102,1.750369282,1.569672167,59.33,3.02578,7.8,6.39,29,50.5,1308.16,25,5.061073,1.323424,6.792492,5.87459,19.051579,10.935663,4,Punto_6,5/27/2018,3/27/2018,4/26/2018,"{""type"":""Point"",""coordinates"":[-100.04244000000001,25.781600000000005]}"
15_5,0.151099995,0.142100006,0.071099997,0.113200001,0.098700002,0.068800002,0.101099998,0.112300001,0.322701695,0.976261167,0.636145314,0.908594826,0.855457199,0.500351818,2.183525884,1.41693807,0.705747147,1.523573184,1.705747147,1.968534887,22.54,1.17992,8.1,6.92,6.5,11,926.08,25,1.090153,2.440548,7.132111,0.00873,10.671542,1.098883,8,Punto_6,7/9/2018,5/9/2018,6/8/2018,"{""type"":""Point"",""coordinates"":[-100.04244000000001,25.781600000000005]}"
16_5,0.123599999,0.060600001,0.034899998,0.088600002,0.076700002,0.059900001,0.066799998,0.048300002,0.627225139,1.148203652,0.607497256,0.782016353,0.70550395,0.575907552,1.063335595,1.434593001,0.697061814,0.967651275,1.697061814,1.514653359,23.77,2.44511,7.5,8.84,33,30,839.04,50,6.473399,0.912149,6.489912,0.8185,14.69396,7.291899,3,Punto_6,11/8/2018,9/8/2018,10/8/2018,"{""type"":""Point"",""coordinates"":[-100.04244000000001,25.781600000000005]}"
17_5,0.124150001,0.064000003,0.037300002,0.090300001,0.075900003,0.059799999,0.066849999,0.046549998,0.590325727,1.135377776,0.606016423,0.776026109,0.809071758,0.582812501,2.039603892,1.280467464,0.780964787,1.716332474,1.780964787,1.743670946,28.31,1.58387,8.2,10.17,4.9,21.67,1211.52,15,10.57575,2.020838,8.237898,0,20.834486,10.57575,6,Punto_6,12/13/2018,10/13/2018,11/12/2018,"{""type"":""Point"",""coordinates"":[-100.04244000000001,25.781600000000005]}"
18_5,0.123000003,0.066249996,0.0418,0.08935,0.068549998,0.050799999,0.064049996,0.041900001,0.470152718,1.070257641,0.600037988,0.762945871,0.781668411,0.630943427,1.939843666,1.269230846,0.78787874,1.603217053,1.78787874,1.711637519,60.41,2.75578,7.1,9.41,21,25,1223.04,50,11.621893,1.145836,9.239569,0.81002,22.817318,12.431913,4,Punto_6,2/14/2019,12/15/2018,1/14/2019,"{""type"":""Point"",""coordinates"":[-100.04244000000001,25.781600000000005]}"
0_6,0.128399998,0.123599999,0.065899998,0.087899998,0.067500003,0.050000001,0.070799999,0.113799997,0.263852251,0.953389883,0.583552394,0.77522423,0.740280764,0.53317151,1.856603925,1.349409428,0.741064928,1.215310997,1.741064928,1.705183581,90,3.193952,7.7,6.08,36,48,1146.88,40,14.849945,0.82093,4.825092,2.412151,22.908118,17.262096,2,Punto_7,3/27/2016,1/26/2016,2/25/2016,"{""type"":""Point"",""coordinates"":[-100.02404000000001,25.7748]}"
1_6,0.134000003,0.182300001,0.0792,0.097800002,0.089400001,0.0638,0.094999999,0.229300007,0.243977053,0.941052653,0.633288226,0.932254787,0.582398649,0.434448705,1.038834946,1.350000034,0.740740722,0.758725376,1.740740722,1.340811064,55,2.5962,7.8,6.96,27,35,1157.12,40,16.912712,0.568569,1.966688,1.196588,20.644557,18.1093,2,Punto_7,5/13/2016,3/13/2016,4/12/2016,"{""type"":""Point"",""coordinates"":[-100.02404000000001,25.7748]}"
2_6,0.135299996,0.173199996,0.077650003,0.100749999,0.093050003,0.065750003,0.092950001,0.248050004,0.262108842,1.001075865,0.64214713,0.925143029,0.625174835,0.448325663,0.735052125,1.40125394,0.713646522,0.805555556,1.713646522,1.309090933,28.15,2.35458,8.1,7.06,8,11,1798.4,40,9.490211,2.669083,2.652653,1.222863,16.03481,10.713074,4,Punto_7,6/17/2016,4/17/2016,5/17/2016,"{""type"":""Point"",""coordinates"":[-100.02404000000001,25.7748]}"
3_6,0.136600003,0.164100006,0.076099999,0.103699997,0.096699998,0.067699999,0.090899996,0.266799986,0.281848447,1.063806398,0.650649337,0.918257431,0.648884234,0.463741599,0.78117782,1.41520911,0.706609357,0.846748232,1.706609357,1.351464395,41.2,3.183685,8.4,9.02,18,21,1932.8,40,15.037431,1.008143,1.568934,1.319472,18.93398,16.356903,2,Punto_7,7/24/2016,5/24/2016,6/23/2016,"{""type"":""Point"",""coordinates"":[-100.02404000000001,25.7748]}"
4_6,0.131899998,0.165800005,0.0788,0.090599999,0.085500002,0.057100002,0.086900003,0.260600001,0.233442357,0.983889513,0.629828333,0.912169343,0.672461747,0.475271398,0.832419241,1.42836041,0.700103414,0.889618913,1.700103414,1.39360221,67.3,2.591202,8.1,7.45,35,27,972.16,30,6.297402,1.500846,3.588249,3.429294,14.815791,9.726696,2,Punto_7,8/26/2016,6/26/2016,7/26/2016,"{""type"":""Point"",""coordinates"":[-100.02404000000001,25.7748]}"
5_6,0.122699998,0.116999999,0.044100001,0.086300001,0.070299998,0.047499999,0.0656,0.149299994,0.294847917,1.071646305,0.610526314,0.798472386,0.629139078,0.376923094,0.795536752,1.497373018,0.667836263,0.724619309,1.667836263,1.295805726,9,1.7503,7.6,7.13,7.2,9,1076.48,25,6.064168,2.448197,5.482851,1.316983,15.312199,7.381151,2,Punto_7,10/5/2016,8/5/2016,9/4/2016,"{""type"":""Point"",""coordinates"":[-100.02404000000001,25.7748]}"
6_6,0.121600002,0.107100002,0.0537,0.086300001,0.070699997,0.046599999,0.0691,0.095700003,0.289800985,1.023154809,0.616895862,0.831153367,0.767467219,0.501400549,1.048717946,1.479999975,0.675675687,1.077097457,1.675675687,1.709606954,35.55,1.16795,8.2,7.12,13,21,1260.8,30,7.5083,1.82569,8.12196,1.66112,19.11707,9.16942,3,Punto_7,3/25/2017,1/23/2017,2/22/2017,"{""type"":""Point"",""coordinates"":[-100.02404000000001,25.7748]}"
7_6,0.124250002,0.141200006,0.067599997,0.089649998,0.08145,0.056850001,0.080799997,0.204899997,0.272270117,1.008044599,0.631948282,0.895913828,0.704885323,0.478753499,1.135387481,1.517167353,0.659123068,0.867783967,1.659123068,1.56530408,50.93,3.97275,7.5,7.39,25,39.7,919.68,30,10.27019,0.96859,6.7081,1.42492,19.3718,11.69511,3,Punto_7,5/5/2017,3/5/2017,4/4/2017,"{""type"":""Point"",""coordinates"":[-100.02404000000001,25.7748]}"
8_6,0.139400005,0.174099997,0.086099997,0.1105,0.109350003,0.085349999,0.098899998,0.248950005,0.328016915,1.105662343,0.65577927,0.92658508,0.654479724,0.494543359,0.879957485,1.432717655,0.697974229,0.840976388,1.697974229,1.374849342,41.31,1.12224,7.2,6.42,22,17.3,944.64,30,2.34038,0.53587,11.29299,1.69275,15.86199,4.03313,2,Punto_7,6/16/2017,4/16/2017,5/16/2017,"{""type"":""Point"",""coordinates"":[-100.02404000000001,25.7748]}"
9_6,0.141550004,0.167850003,0.080349997,0.116700001,0.114349999,0.093850002,0.100249998,0.239500001,0.37812249,1.140648384,0.656205609,0.911639725,0.637795308,0.478701194,0.800689305,1.281195127,0.780521233,0.991289224,1.780521233,1.282298094,57.01,3.29104,7.5,6.87,32,41,1104.64,20,9.464705,0.495049,7.529853,0,17.489607,9.464705,2,Punto_7,7/28/2017,5/28/2017,6/27/2017,"{""type"":""Point"",""coordinates"":[-100.02404000000001,25.7748]}"
10_6,0.134200007,0.119999997,0.0625,0.099200003,0.086099997,0.072499998,0.081900001,0.092299998,0.397260268,1.051282009,0.605753499,0.812772104,0.656429389,0.520833345,0.843312495,1.218433633,0.820725867,1.168015004,1.820725867,1.326349034,11,1.83088,7.6,7.03,8.5,17.5,1161.6,30,5.173765,0.98079,6.837186,0,12.991741,5.173765,1,Punto_7,9/8/2017,7/9/2017,8/8/2017,"{""type"":""Point"",""coordinates"":[-100.02404000000001,25.7748]}"
11_6,0.136099994,0.119999997,0.068800002,0.115400001,0.108549997,0.092050001,0.090400003,0.134749994,0.487552972,1.200774267,0.651870181,0.872014045,0.637777767,0.573333366,1.118333414,1.187586202,0.842044138,1.159999967,1.842044138,1.372592614,83.77,2.99228,7.9,7.44,34,32.67,730.88,50,13.66911,0.41285,1.635,0.11518,15.83214,13.78429,4,Punto_7,10/19/2017,8/19/2017,9/18/2017,"{""type"":""Point"",""coordinates"":[-100.02404000000001,25.7748]}"
12_6,0.128800005,0.094300002,0.049800001,0.087200001,0.063100003,0.043699998,0.063000001,0.069700003,0.303261607,1.001587328,0.57874471,0.731014501,0.674852315,0.528101804,1.134166644,1.179250364,0.847996346,1.337936016,1.847996346,1.392290917,69.44,4.60766,7.7,8.65,32,470,1213.44,25,10.65776,0.77923,5.16277,1.99533,18.59509,12.65309,5,Punto_7,3/11/2018,1/9/2018,2/8/2018,"{""type"":""Point"",""coordinates"":[-100.02404000000001,25.7748]}"
13_6,0.121799998,0.0955,0.051100001,0.092699997,0.074199997,0.060899999,0.071400002,0.092299998,0.41541609,1.039215619,0.606027587,0.796934871,0.674866343,0.535078543,1.365853682,1.443936041,0.692551451,0.877509989,1.692551451,1.607486678,47.98,3.1289,7.9,6.62,23,28.67,1270.4,20,7.601915,1.054627,7.925232,2.54933,19.131104,10.151245,5,Punto_7,4/13/2018,2/11/2018,3/13/2018,"{""type"":""Point"",""coordinates"":[-100.02404000000001,25.7748]}"
14_6,0.174500003,0.193749994,0.134200007,0.136250004,0.134900004,0.125850007,0.140349999,0.195999995,0.383747543,0.96116854,0.621049012,0.916430808,0.662499974,0.692645217,1.275392651,1.218390774,0.820754738,1.191780785,1.820754738,1.490178522,64.05,1.18745,7.8,6.92,31,39.5,1306.24,25,4.751857,1.367082,6.188564,0,12.307503,4.751857,4,Punto_7,5/27/2018,3/27/2018,4/26/2018,"{""type"":""Point"",""coordinates"":[-100.02404000000001,25.7748]}"
15_6,0.146950006,0.146249995,0.073150001,0.1228,0.116099998,0.097149998,0.09905,0.217950001,0.44279854,1.172135265,0.651131086,0.881401044,0.518746382,0.500170969,0.900645207,1.071910975,0.932913295,0.937779438,1.932913295,1.042684075,30.03,1.46365,7.9,6.87,7.4,11,908.16,13,2.25908,1.89624,8.058075,0.97578,13.189175,3.23486,8,Punto_7,7/9/2018,5/9/2018,6/8/2018,"{""type"":""Point"",""coordinates"":[-100.02404000000001,25.7748]}"
16_6,0.1171,0.068099998,0.032699998,0.0836,0.067100003,0.045200001,0.056400001,0.076399997,0.448412729,1.18971635,0.612850761,0.760936556,0.681738102,0.480176204,1.004786406,1.195059195,0.836778633,1.328092905,1.836778633,1.402818551,51.99,3.01642,8.1,8.97,45,71,825.6,40,6.121209,0.920699,6.401384,2.97504,16.418332,9.096249,3,Punto_7,11/8/2018,9/8/2018,10/8/2018,"{""type"":""Point"",""coordinates"":[-100.02404000000001,25.7748]}"
17_6,0.118500002,0.077849999,0.037900001,0.0832,0.063050002,0.045400001,0.056049999,0.073449999,0.392224632,1.124888549,0.591865643,0.726662591,0.861360763,0.486833671,1.71953016,1.484513301,0.673621448,1.382263106,1.673621448,1.93453149,43.56,3.6123,7.2,7.9,4.6,23,1264.64,25,16.790316,1.407999,7.604623,0,25.802938,16.790316,6,Punto_7,12/13/2018,10/13/2018,11/12/2018,"{""type"":""Point"",""coordinates"":[-100.02404000000001,25.7748]}"
18_6,0.119800001,0.099950001,0.052650001,0.081299998,0.05635,0.0394,0.056899998,0.066699997,0.258191348,0.990333952,0.572349266,0.711369331,0.756902766,0.526763387,1.522158037,1.388766527,0.720063438,1.197889186,1.720063438,1.755702266,58.19,2.74202,6.9,9.82,22,31.33,1209.6,50,12.027733,1.133372,10.590473,0,23.751578,12.027733,4,Punto_7,2/14/2019,12/15/2018,1/14/2019,"{""type"":""Point"",""coordinates"":[-100.02404000000001,25.7748]}"
